sub:31	obj:31	sub:43	obj:43	sub:18	obj:18	sub:35	obj:35	sub:45	obj:45	sub:5	obj:5	sub:40	obj:40	sub:42	obj:42	sub:8	obj:8	sub:34	obj:34	sub:3	obj:3	sub:6	obj:6	sub:23	obj:23	sub:33	obj:33	sub:32	obj:32	sub:2	obj:2	sub:16	obj:16	sub:28	obj:28	sub:38	obj:38	sub:25	obj:25	sub:30	obj:30	sub:14	obj:14	sub:41	obj:41	sub:4	obj:4	sub:15	obj:15	sub:44	obj:44	sub:17	obj:17	sub:27	obj:27	sub:37	obj:37	sub:20	obj:20	sub:46	obj:46	sub:39	obj:39	sub:21	obj:21	sub:11	obj:11	sub:24	obj:24	sub:10	obj:10	sub:9	obj:9	sub:7	obj:7	sub:29	obj:29	sub:19	obj:19	sub:22	obj:22	sub:1	obj:1	sub:36	obj:36	sub:12	obj:12	sub:13	obj:13	sub:26	obj:26
40	116	116	""	47	106	""	91	127	10	65	""	""	114	47	""	""	""	""	""	66	""	""	""	""	""	""	58	""	""	""	""	""	""	""	""	""	""	""	""	""	2	""	121	""	""	""	""	""	""	""	""	""	""	""	""	""	""	""	""	""	""	""	""	""	""	""	""	""	""	""	""	""	""	""	""	""	""	""	""	""	""	""	""	""	""	""	""	""	""	""	""
""	""	""	""	114	""	""	""	""	""	""	""	""	""	33	""	""	""	""	""	""	""	""	""	""	""	""	""	""	""	""	""	""	""	""	""	""	""	""	""	""	""	""	""	""	""	""	""	""	""	""	""	""	""	""	""	""	""	""	""	""	""	""	""	""	""	""	""	""	""	""	""	""	""	""	""	""	""	""	""	""	""	""	""	""	""	""	""	""	""	""	""
""	""	""	""	55	""	""	""	""	""	""	""	""	""	102	""	""	""	""	""	""	""	""	""	""	""	""	""	""	""	""	""	""	""	""	""	""	""	""	""	""	""	""	""	""	""	""	""	""	""	""	""	""	""	""	""	""	""	""	""	""	""	""	""	""	""	""	""	""	""	""	""	""	""	""	""	""	""	""	""	""	""	""	""	""	""	""	""	""	""	""	""
50	""	""	""	89	""	""	""	""	""	""	""	""	""	77	""	""	""	""	""	""	""	""	""	""	""	""	""	""	""	""	""	""	""	""	""	""	""	""	""	""	""	""	""	""	""	""	""	""	""	""	""	""	""	""	""	""	""	""	""	""	""	""	""	""	""	""	""	""	""	""	""	""	""	""	""	""	""	""	""	""	""	""	""	""	""	""	""	""	""	""	""
""	""	""	""	92	""	""	""	""	""	""	""	""	""	53	""	""	""	""	""	""	""	""	""	""	""	""	""	""	""	""	""	""	""	""	""	""	""	""	""	""	""	""	""	""	""	""	""	""	""	""	""	""	""	""	""	""	""	""	""	""	""	""	""	""	""	""	""	""	""	""	""	""	""	""	""	""	""	""	""	""	""	""	""	""	""	""	""	""	""	""	""
""	""	""	""	121	""	""	""	""	""	""	""	""	""	63	""	""	""	""	""	""	""	""	""	""	""	""	""	""	""	""	""	""	""	""	""	""	""	""	""	""	""	""	""	""	""	""	""	""	""	""	""	""	""	""	""	""	""	""	""	""	""	""	""	""	""	""	""	""	""	""	""	""	""	""	""	""	""	""	""	""	""	""	""	""	""	""	""	""	""	""	""
92	127	4	""	96	32	""	""	49	65	76	""	""	116	110	""	""	""	""	""	45	""	""	""	""	""	""	32	""	""	""	""	""	""	""	""	""	""	""	""	""	""	""	45	""	""	""	""	""	""	""	""	""	""	""	""	""	""	""	""	""	""	""	""	""	""	""	""	""	""	""	""	""	""	""	""	""	""	""	""	""	""	""	""	""	""	""	""	""	""	""	""
""	""	""	""	56	""	""	""	""	""	""	""	""	""	20	""	""	""	""	""	""	""	""	""	""	""	""	""	""	""	""	""	""	""	""	""	""	""	""	""	""	""	""	""	""	""	""	""	""	""	""	""	""	""	""	""	""	""	""	""	""	""	""	""	""	""	""	""	""	""	""	""	""	""	""	""	""	""	""	""	""	""	""	""	""	""	""	""	""	""	""	""
""	""	""	""	123	""	""	""	""	""	""	""	""	""	123	""	""	""	""	""	""	""	""	""	""	""	""	""	""	""	""	""	""	""	""	""	""	""	""	""	""	""	""	""	""	""	""	""	""	""	""	""	""	""	""	""	""	""	""	""	""	""	""	""	""	""	""	""	""	""	""	""	""	""	""	""	""	""	""	""	""	""	""	""	""	""	""	""	""	""	""	""
""	""	""	""	2	""	""	""	""	""	""	""	""	""	2	""	""	""	""	""	""	""	""	""	""	""	""	""	""	""	""	""	""	""	""	""	""	""	""	""	""	""	""	""	""	""	""	""	""	""	""	""	""	""	""	""	""	""	""	""	""	""	""	""	""	""	""	""	""	""	""	""	""	""	""	""	""	""	""	""	""	""	""	""	""	""	""	""	""	""	""	""
""	""	""	""	108	""	""	""	""	""	""	""	""	""	108	""	""	""	""	""	""	""	""	""	""	""	""	""	""	""	""	""	""	""	""	""	""	""	""	""	""	""	""	""	""	""	""	""	""	""	""	""	""	""	""	""	""	""	""	""	""	""	""	""	""	""	""	""	""	""	""	""	""	""	""	""	""	""	""	""	""	""	""	""	""	""	""	""	""	""	""	""
93	53	117	50	71	135	""	12	106	105	105	""	""	44	35	""	94	""	""	""	12	""	""	""	""	""	""	44	""	""	""	""	""	""	""	""	""	""	""	""	""	12	""	36	""	""	""	""	""	""	""	""	""	""	""	""	""	""	""	""	""	""	""	""	""	""	""	""	""	""	""	""	""	""	""	""	""	""	""	""	""	""	""	""	""	""	""	""	""	""	""	""
""	""	""	""	115	""	""	""	""	""	""	""	""	""	82	""	""	""	""	""	""	""	""	""	""	""	""	""	""	""	""	""	""	""	""	""	""	""	""	""	""	""	""	""	""	""	""	""	""	""	""	""	""	""	""	""	""	""	""	""	""	""	""	""	""	""	""	""	""	""	""	""	""	""	""	""	""	""	""	""	""	""	""	""	""	""	""	""	""	""	""	""
23	44	44	109	52	90	""	65	33	106	106	""	""	38	16	""	83	2	""	""	79	""	""	""	""	""	""	103	""	""	""	""	""	""	""	""	""	21	""	""	""	10	""	116	""	""	""	""	""	""	""	""	""	""	""	""	""	""	""	""	""	""	""	""	""	""	""	""	""	""	""	""	""	""	""	""	""	""	""	""	""	""	""	""	""	""	""	""	""	""	""	""
55	115	82	66	35	128	""	4	97	32	32	""	""	25	52	""	14	45	""	""	4	""	""	""	""	""	""	25	""	""	""	""	""	""	""	""	""	66	""	""	""	49	""	105	""	""	""	""	""	""	""	""	""	""	""	""	""	""	""	""	""	""	""	""	""	""	""	""	""	""	""	""	""	""	""	""	""	""	""	""	""	""	""	""	""	""	""	""	""	""	""	""
4	94	""	""	131	""	""	""	45	""	""	""	""	""	75	""	""	""	""	""	""	""	""	""	""	""	""	""	""	""	""	""	""	""	""	""	""	""	""	""	""	""	""	""	""	""	""	""	""	""	""	""	""	""	""	""	""	""	""	""	""	""	""	""	""	""	""	""	""	""	""	""	""	""	""	""	""	""	""	""	""	""	""	""	""	""	""	""	""	""	""	""
""	""	""	""	36	""	""	""	""	""	""	""	""	""	127	""	""	""	""	""	""	""	""	""	""	""	""	""	""	""	""	""	""	""	""	""	""	""	""	""	""	""	""	""	""	""	""	""	""	""	""	""	""	""	""	""	""	""	""	""	""	""	""	""	""	""	""	""	""	""	""	""	""	""	""	""	""	""	""	""	""	""	""	""	""	""	""	""	""	""	""	""
107	43	5	46	112	85	44	118	126	126	75	""	115	96	112	""	19	68	25	55	107	55	50	20	67	55	""	61	""	62	""	109	44	""	12	12	""	60	""	""	""	6	""	77	12	116	""	""	""	103	""	122	""	""	13	""	""	""	""	""	""	""	""	44	25	""	""	""	""	""	""	""	""	""	""	""	""	""	""	""	""	""	""	""	""	""	""	""	""	""	""	""
""	""	""	""	84	""	""	""	""	""	""	""	""	""	84	""	""	""	""	""	""	""	""	""	""	""	""	""	""	""	""	""	""	""	""	""	""	""	""	""	""	""	""	""	""	""	""	""	""	""	""	""	""	""	""	""	""	""	""	""	""	""	""	""	""	""	""	""	""	""	""	""	""	""	""	""	""	""	""	""	""	""	""	""	""	""	""	""	""	""	""	""
60	41	41	63	28	27	""	116	25	53	25	""	50	41	8	""	1	62	""	""	114	50	""	""	""	""	""	41	""	""	""	""	""	""	""	""	""	134	""	""	""	106	""	117	""	""	""	""	""	2	""	91	""	""	""	""	""	""	""	""	""	""	""	""	""	""	""	""	""	""	""	""	""	""	""	""	""	""	""	""	""	""	""	""	""	""	""	""	""	""	""	""
""	""	""	""	50	""	""	""	""	""	""	""	""	""	50	""	""	""	""	""	""	""	""	""	""	""	""	""	""	""	""	""	""	""	""	""	""	""	""	""	""	""	""	""	""	""	""	""	""	""	""	""	""	""	""	""	""	""	""	""	""	""	""	""	""	""	""	""	""	""	""	""	""	""	""	""	""	""	""	""	""	""	""	""	""	""	""	""	""	""	""	""
""	""	""	""	74	""	""	""	""	""	""	""	""	""	72	""	""	""	""	""	""	""	""	""	""	""	""	""	""	""	""	""	""	""	""	""	""	""	""	""	""	""	""	""	""	""	""	""	""	""	""	""	""	""	""	""	""	""	""	""	""	""	""	""	""	""	""	""	""	""	""	""	""	""	""	""	""	""	""	""	""	""	""	""	""	""	""	""	""	""	""	""
""	""	""	""	9	""	""	""	""	""	""	""	""	""	24	""	""	""	""	""	""	""	""	""	""	""	""	""	""	""	""	""	""	""	""	""	""	""	""	""	""	""	""	""	""	""	""	""	""	""	""	""	""	""	""	""	""	""	""	""	""	""	""	""	""	""	""	""	""	""	""	""	""	""	""	""	""	""	""	""	""	""	""	""	""	""	""	""	""	""	""	""
""	""	""	""	62	""	""	""	""	""	""	""	""	""	4	""	""	""	""	""	""	""	""	""	""	""	""	""	""	""	""	""	""	""	""	""	""	""	""	""	""	""	""	""	""	""	""	""	""	""	""	""	""	""	""	""	""	""	""	""	""	""	""	""	""	""	""	""	""	""	""	""	""	""	""	""	""	""	""	""	""	""	""	""	""	""	""	""	""	""	""	""
109	""	""	""	26	""	""	""	""	""	""	""	""	""	131	""	""	""	""	""	""	""	""	""	""	""	""	""	""	""	""	""	""	""	""	""	""	""	""	""	""	""	""	""	""	""	""	""	""	""	""	""	""	""	""	""	""	""	""	""	""	""	""	""	""	""	""	""	""	""	""	""	""	""	""	""	""	""	""	""	""	""	""	""	""	""	""	""	""	""	""	""
15	7	54	132	124	7	132	7	51	124	29	11	73	15	124	89	87	112	11	11	15	11	16	7	132	11	114	15	112	87	111	132	11	96	87	87	78	15	68	133	66	15	43	54	42	11	111	11	66	112	43	7	130	11	100	101	35	87	96	8	135	11	57	11	29	""	98	89	27	52	52	120	102	75	111	115	102	102	95	117	62	9	117	117	96	55	117	9	""	89	""	""
80	""	""	""	77	""	""	""	""	""	""	""	""	""	78	""	""	""	""	""	""	""	""	""	""	""	""	""	""	""	""	""	""	""	""	""	""	""	""	""	""	""	""	""	""	""	""	""	""	""	""	""	""	""	""	""	""	""	""	""	""	""	""	""	""	""	""	""	""	""	""	""	""	""	""	""	""	""	""	""	""	""	""	""	""	""	""	""	""	""	""	""
96	100	70	104	73	16	116	60	130	130	126	""	117	31	73	""	41	102	44	38	96	111	""	127	4	38	""	75	""	83	""	21	116	""	66	109	""	19	""	""	""	60	""	6	50	12	""	""	""	25	""	33	""	""	14	""	""	""	""	""	""	""	""	116	92	""	""	""	""	""	""	""	""	""	""	""	""	""	""	""	""	""	""	""	""	""	""	""	""	""	""	""
3	87	8	16	132	29	26	34	22	22	133	55	52	30	132	""	96	99	96	17	112	96	104	120	96	17	""	8	25	120	""	86	104	44	19	19	""	98	109	40	""	61	""	22	19	60	""	41	""	61	""	126	""	55	122	""	""	48	55	55	""	12	""	96	130	""	79	""	117	84	62	""	""	106	""	""	""	""	""	""	""	""	""	""	""	""	""	""	""	""	""	""
75	26	26	41	3	110	""	128	118	118	6	""	65	26	3	""	38	135	12	12	104	56	""	62	57	12	""	130	""	""	""	""	""	""	""	""	""	38	""	""	""	103	""	23	""	""	""	""	""	106	""	37	""	""	""	""	""	""	""	""	""	""	""	72	32	""	""	""	""	""	""	""	""	""	""	""	""	""	""	""	""	""	""	""	""	""	""	""	""	""	""	""
""	""	""	""	33	""	""	""	""	""	""	""	""	""	114	""	""	""	""	""	""	""	""	""	""	""	""	""	""	""	""	""	""	""	""	""	""	""	""	""	""	""	""	""	""	""	""	""	""	""	""	""	""	""	""	""	""	""	""	""	""	""	""	""	""	""	""	""	""	""	""	""	""	""	""	""	""	""	""	""	""	""	""	""	""	""	""	""	""	""	""	""
101	132	11	11	7	54	30	69	112	112	64	96	34	112	7	""	113	3	3	30	101	85	52	34	42	30	66	87	22	52	39	98	30	68	96	96	57	87	33	110	""	3	57	112	26	30	109	16	""	22	36	34	79	96	68	""	1	107	26	26	74	41	""	30	3	""	31	66	60	60	120	62	""	6	""	94	62	62	""	62	""	""	""	""	""	""	""	""	""	""	""	""
77	19	104	79	133	5	""	53	111	103	40	""	72	104	133	""	9	106	45	""	44	94	""	""	""	""	""	19	""	""	""	""	""	""	""	""	""	79	""	""	""	92	""	25	""	""	""	""	""	49	""	14	""	""	""	""	""	""	""	""	""	""	""	""	2	""	""	""	""	""	""	""	""	""	""	""	""	""	""	""	""	""	""	""	""	""	""	""	""	""	""	""
32	123	""	""	70	80	""	""	72	72	""	""	""	72	18	""	""	""	""	""	""	""	""	""	""	""	""	74	""	""	""	""	""	""	""	""	""	""	""	""	""	""	""	""	""	""	""	""	""	""	""	""	""	""	""	""	""	""	""	""	""	""	""	""	""	""	""	""	""	""	""	""	""	""	""	""	""	""	""	""	""	""	""	""	""	""	""	""	""	""	""	""
""	""	""	""	116	""	""	""	""	""	""	""	""	""	9	""	""	""	""	""	""	""	""	""	""	""	""	""	""	""	""	""	""	""	""	""	""	""	""	""	""	""	""	""	""	""	""	""	""	""	""	""	""	""	""	""	""	""	""	""	""	""	""	""	""	""	""	""	""	""	""	""	""	""	""	""	""	""	""	""	""	""	""	""	""	""	""	""	""	""	""	""
""	""	""	""	68	""	""	""	""	""	""	""	""	""	104	""	""	""	""	""	""	""	""	""	""	""	""	""	""	""	""	""	""	""	""	""	""	""	""	""	""	""	""	""	""	""	""	""	""	""	""	""	""	""	""	""	""	""	""	""	""	""	""	""	""	""	""	""	""	""	""	""	""	""	""	""	""	""	""	""	""	""	""	""	""	""	""	""	""	""	""	""
45	""	""	""	6	""	""	""	""	""	""	""	""	""	89	""	""	""	""	""	""	""	""	""	""	""	""	""	""	""	""	""	""	""	""	""	""	""	""	""	""	""	""	""	""	""	""	""	""	""	""	""	""	""	""	""	""	""	""	""	""	""	""	""	""	""	""	""	""	""	""	""	""	""	""	""	""	""	""	""	""	""	""	""	""	""	""	""	""	""	""	""
""	""	""	""	91	""	""	""	""	""	""	""	""	""	94	""	""	""	""	""	""	""	""	""	""	""	""	""	""	""	""	""	""	""	""	""	""	""	""	""	""	""	""	""	""	""	""	""	""	""	""	""	""	""	""	""	""	""	""	""	""	""	""	""	""	""	""	""	""	""	""	""	""	""	""	""	""	""	""	""	""	""	""	""	""	""	""	""	""	""	""	""
""	""	""	""	88	""	""	""	""	""	""	""	""	""	32	""	""	""	""	""	""	""	""	""	""	""	""	""	""	""	""	""	""	""	""	""	""	""	""	""	""	""	""	""	""	""	""	""	""	""	""	""	""	""	""	""	""	""	""	""	""	""	""	""	""	""	""	""	""	""	""	""	""	""	""	""	""	""	""	""	""	""	""	""	""	""	""	""	""	""	""	""
123	""	""	""	120	""	""	""	""	""	""	""	""	""	26	""	""	""	""	""	""	""	""	""	""	""	""	""	""	""	""	""	""	""	""	""	""	""	""	""	""	""	""	""	""	""	""	""	""	""	""	""	""	""	""	""	""	""	""	""	""	""	""	""	""	""	""	""	""	""	""	""	""	""	""	""	""	""	""	""	""	""	""	""	""	""	""	""	""	""	""	""
87	69	30	30	54	69	17	30	34	34	34	41	16	3	15	""	52	22	16	96	42	47	120	126	16	96	""	30	130	26	94	31	96	111	60	60	""	8	39	93	""	18	""	30	60	104	76	104	""	18	""	100	74	41	111	""	""	114	41	41	""	44	""	16	61	""	48	""	82	58	9	""	""	97	""	""	""	""	""	""	""	""	""	""	""	""	""	""	""	""	""	""
130	68	60	44	34	43	""	44	23	128	102	""	91	60	34	""	33	97	50	""	25	14	""	72	""	""	""	60	""	""	""	""	""	""	""	""	""	48	""	""	""	44	""	103	""	""	""	""	""	10	""	13	""	""	""	""	""	""	""	""	""	""	""	""	74	""	""	""	""	""	""	""	""	""	""	""	""	""	""	""	""	""	""	""	""	""	""	""	""	""	""	""
""	""	""	""	79	""	""	""	""	""	""	""	""	""	79	""	""	""	""	""	""	""	""	""	""	""	""	""	""	""	""	""	""	""	""	""	""	""	""	""	""	""	""	""	""	""	""	""	""	""	""	""	""	""	""	""	""	""	""	""	""	""	""	""	""	""	""	""	""	""	""	""	""	""	""	""	""	""	""	""	""	""	""	""	""	""	""	""	""	""	""	""
""	""	""	""	102	""	""	""	""	""	""	""	""	""	23	""	""	""	""	""	""	""	""	""	""	""	""	""	""	""	""	""	""	""	""	""	""	""	""	""	""	""	""	""	""	""	""	""	""	""	""	""	""	""	""	""	""	""	""	""	""	""	""	""	""	""	""	""	""	""	""	""	""	""	""	""	""	""	""	""	""	""	""	""	""	""	""	""	""	""	""	""
""	""	""	""	21	""	""	""	""	""	""	""	""	""	13	""	""	""	""	""	""	""	""	""	""	""	""	""	""	""	""	""	""	""	""	""	""	""	""	""	""	""	""	""	""	""	""	""	""	""	""	""	""	""	""	""	""	""	""	""	""	""	""	""	""	""	""	""	""	""	""	""	""	""	""	""	""	""	""	""	""	""	""	""	""	""	""	""	""	""	""	""
105	13	""	""	61	119	""	""	74	2	""	""	""	50	70	""	""	""	""	""	""	""	""	""	""	""	""	2	""	""	""	""	""	""	""	""	""	""	""	""	""	""	""	""	""	""	""	""	""	""	""	""	""	""	""	""	""	""	""	""	""	""	""	""	""	""	""	""	""	""	""	""	""	""	""	""	""	""	""	""	""	""	""	""	""	""	""	""	""	""	""	""
61	17	17	19	64	98	123	41	6	6	77	""	1	17	64	""	111	25	10	116	61	33	""	65	50	116	""	26	""	""	""	""	50	""	""	""	""	55	""	""	""	23	""	19	""	""	""	""	""	97	""	127	""	""	""	""	""	""	""	""	""	""	""	12	106	""	""	""	""	""	""	""	""	""	""	""	""	""	""	""	""	""	""	""	""	""	""	""	""	""	""	""
49	91	""	""	75	""	""	""	80	""	""	""	""	""	27	""	""	""	""	""	""	""	""	""	""	""	""	45	""	""	""	""	""	""	""	""	""	""	""	""	""	""	""	""	""	""	""	""	""	""	""	""	""	""	""	""	""	""	""	""	""	""	""	""	""	""	""	""	""	""	""	""	""	""	""	""	""	""	""	""	""	""	""	""	""	""	""	""	""	""	""	""
""	""	""	""	12	""	""	""	""	""	""	""	""	""	39	""	""	""	""	""	""	""	""	""	""	""	""	""	""	""	""	""	""	""	""	""	""	""	""	""	""	""	""	""	""	""	""	""	""	""	""	""	""	""	""	""	""	""	""	""	""	""	""	""	""	""	""	""	""	""	""	""	""	""	""	""	""	""	""	""	""	""	""	""	""	""	""	""	""	""	""	""
106	4	50	""	31	12	""	""	14	14	45	""	""	83	5	""	""	""	""	""	""	""	""	""	""	""	""	10	""	""	""	""	""	""	""	""	""	""	""	""	""	""	""	""	""	""	""	""	""	""	""	""	""	""	""	""	""	""	""	""	""	""	""	""	""	""	""	""	""	""	""	""	""	""	""	""	""	""	""	""	""	""	""	""	""	""	""	""	""	""	""	""
""	""	""	""	41	""	""	""	""	""	""	""	""	""	19	""	""	""	""	""	""	""	""	""	""	""	""	""	""	""	""	""	""	""	""	""	""	""	""	""	""	""	""	""	""	""	""	""	""	""	""	""	""	""	""	""	""	""	""	""	""	""	""	""	""	""	""	""	""	""	""	""	""	""	""	""	""	""	""	""	""	""	""	""	""	""	""	""	""	""	""	""
""	""	""	""	80	""	""	""	""	""	""	""	""	""	80	""	""	""	""	""	""	""	""	""	""	""	""	""	""	""	""	""	""	""	""	""	""	""	""	""	""	""	""	""	""	""	""	""	""	""	""	""	""	""	""	""	""	""	""	""	""	""	""	""	""	""	""	""	""	""	""	""	""	""	""	""	""	""	""	""	""	""	""	""	""	""	""	""	""	""	""	""
""	""	""	""	97	""	""	""	""	""	""	""	""	""	97	""	""	""	""	""	""	""	""	""	""	""	""	""	""	""	""	""	""	""	""	""	""	""	""	""	""	""	""	""	""	""	""	""	""	""	""	""	""	""	""	""	""	""	""	""	""	""	""	""	""	""	""	""	""	""	""	""	""	""	""	""	""	""	""	""	""	""	""	""	""	""	""	""	""	""	""	""
""	""	""	""	65	""	""	""	""	""	""	""	""	""	49	""	""	""	""	""	""	""	""	""	""	""	""	""	""	""	""	""	""	""	""	""	""	""	""	""	""	""	""	""	""	""	""	""	""	""	""	""	""	""	""	""	""	""	""	""	""	""	""	""	""	""	""	""	""	""	""	""	""	""	""	""	""	""	""	""	""	""	""	""	""	""	""	""	""	""	""	""
35	34	47	70	69	133	41	17	18	18	99	50	118	16	69	""	120	75	104	104	16	68	9	53	41	104	""	96	74	38	""	79	41	39	38	38	""	31	94	74	""	26	""	61	38	38	""	12	""	6	""	128	""	50	127	""	""	109	""	""	""	""	""	104	102	""	66	""	9	""	""	""	""	""	""	""	""	""	""	""	""	""	""	""	""	""	""	""	""	""	""	""
17	118	46	55	113	107	""	55	68	68	118	""	62	120	30	""	44	92	109	50	41	39	""	13	""	50	""	77	""	""	""	""	""	""	""	""	""	44	""	""	""	38	""	102	""	""	""	""	""	32	""	65	""	""	""	""	""	""	""	""	""	""	""	50	105	""	""	""	""	""	""	""	""	""	""	""	""	""	""	""	""	""	""	""	""	""	""	""	""	""	""	""
""	""	""	""	25	""	""	""	""	""	""	""	""	""	103	""	""	""	""	""	""	""	""	""	""	""	""	""	""	""	""	""	""	""	""	""	""	""	""	""	""	""	""	""	""	""	""	""	""	""	""	""	""	""	""	""	""	""	""	""	""	""	""	""	""	""	""	""	""	""	""	""	""	""	""	""	""	""	""	""	""	""	""	""	""	""	""	""	""	""	""	""
114	37	12	""	43	63	""	""	65	39	2	""	""	65	96	""	""	""	""	""	""	""	""	""	""	""	""	116	""	""	""	""	""	""	""	""	""	""	""	""	""	""	""	""	""	""	""	""	""	""	""	""	""	""	""	""	""	""	""	""	""	""	""	""	""	""	""	""	""	""	""	""	""	""	""	""	""	""	""	""	""	""	""	""	""	""	""	""	""	""	""	""
""	""	""	""	109	""	""	""	""	""	""	""	""	""	83	""	""	""	""	""	""	""	""	""	""	""	""	""	""	""	""	""	""	""	""	""	""	""	""	""	""	""	""	""	""	""	""	""	""	""	""	""	""	""	""	""	""	""	""	""	""	""	""	""	""	""	""	""	""	""	""	""	""	""	""	""	""	""	""	""	""	""	""	""	""	""	""	""	""	""	""	""
112	101	87	87	15	101	96	87	3	3	3	104	35	87	54	""	35	133	22	16	11	16	131	100	8	16	""	3	61	35	14	107	16	41	26	26	""	30	114	130	""	22	""	87	104	16	74	96	""	71	121	35	66	104	128	""	129	31	19	19	76	55	""	34	18	""	114	""	95	38	117	""	""	102	""	129	""	83	""	""	""	""	""	""	""	""	""	""	""	""	""	""
""	""	""	""	118	""	""	""	""	""	""	""	""	""	6	""	""	""	""	""	""	""	""	""	""	""	""	""	""	""	""	""	""	""	""	""	""	""	""	""	""	""	""	""	""	""	""	""	""	""	""	""	""	""	""	""	""	""	""	""	""	""	""	""	""	""	""	""	""	""	""	""	""	""	""	""	""	""	""	""	""	""	""	""	""	""	""	""	""	""	""	""
""	""	""	""	104	""	""	""	""	""	""	""	""	""	90	""	""	""	""	""	""	""	""	""	""	""	""	""	""	""	""	""	""	""	""	""	""	""	""	""	""	""	""	""	""	""	""	""	""	""	""	""	""	""	""	""	""	""	""	""	""	""	""	""	""	""	""	""	""	""	""	""	""	""	""	""	""	""	""	""	""	""	""	""	""	""	""	""	""	""	""	""
22	113	16	96	11	30	19	100	100	100	71	12	120	22	101	""	26	61	130	60	22	89	117	128	104	60	""	71	10	19	""	48	19	33	55	55	""	43	66	108	""	17	""	18	55	55	""	44	""	77	""	118	""	12	20	""	""	116	12	12	""	""	""	26	23	""	109	""	84	66	76	""	""	2	""	""	""	""	""	""	""	""	""	""	""	""	""	""	""	""	""	""
""	""	""	""	20	""	""	""	""	""	""	""	""	""	105	""	""	""	""	""	""	""	""	""	""	""	""	""	""	""	""	""	""	""	""	""	""	""	""	""	""	""	""	""	""	""	""	""	""	""	""	""	""	""	""	""	""	""	""	""	""	""	""	""	""	""	""	""	""	""	""	""	""	""	""	""	""	""	""	""	""	""	""	""	""	""	""	""	""	""	""	""
104	55	55	4	22	131	""	20	53	92	135	""	""	102	22	""	39	83	""	""	33	""	""	""	""	""	""	102	""	""	""	""	""	""	""	""	""	4	""	""	""	116	""	81	""	""	""	""	""	80	""	72	""	""	""	""	""	""	""	""	""	""	""	""	""	""	""	""	""	""	""	""	""	""	""	""	""	""	""	""	""	""	""	""	""	""	""	""	""	""	""	""
116	12	""	""	18	2	""	""	94	74	""	""	""	66	100	""	""	""	""	""	""	""	""	""	""	""	""	123	""	""	""	""	""	""	""	""	""	""	""	""	""	""	""	""	""	""	""	""	""	""	""	""	""	""	""	""	""	""	""	""	""	""	""	""	""	""	""	""	""	""	""	""	""	""	""	""	""	""	""	""	""	""	""	""	""	""	""	""	""	""	""	""
66	""	""	""	46	""	""	""	""	""	""	""	""	""	120	""	""	""	""	""	""	""	""	""	""	""	""	""	""	""	""	""	""	""	""	""	""	""	""	""	""	""	""	""	""	""	""	""	""	""	""	""	""	""	""	""	""	""	""	""	""	""	""	""	""	""	""	""	""	""	""	""	""	""	""	""	""	""	""	""	""	""	""	""	""	""	""	""	""	""	""	""
30	30	28	107	101	112	60	96	71	71	22	44	131	34	11	""	17	110	61	26	3	43	102	118	43	26	""	22	92	60	""	114	60	58	41	41	""	96	14	135	""	75	""	47	41	41	""	55	""	75	""	77	""	44	33	""	""	79	44	44	""	""	""	17	6	""	134	""	58	109	83	""	""	105	""	""	""	""	""	""	""	""	""	""	""	""	""	""	""	""	""	""
""	""	""	""	57	""	""	""	""	""	""	""	""	""	57	""	""	""	""	""	""	""	""	""	""	""	""	""	""	""	""	""	""	""	""	""	""	""	""	""	""	""	""	""	""	""	""	""	""	""	""	""	""	""	""	""	""	""	""	""	""	""	""	""	""	""	""	""	""	""	""	""	""	""	""	""	""	""	""	""	""	""	""	""	""	""	""	""	""	""	""	""
""	""	""	""	81	""	""	""	""	""	""	""	""	""	81	""	""	""	""	""	""	""	""	""	""	""	""	""	""	""	""	""	""	""	""	""	""	""	""	""	""	""	""	""	""	""	""	""	""	""	""	""	""	""	""	""	""	""	""	""	""	""	""	""	""	""	""	""	""	""	""	""	""	""	""	""	""	""	""	""	""	""	""	""	""	""	""	""	""	""	""	""
""	""	""	""	48	""	""	""	""	""	""	""	""	""	48	""	""	""	""	""	""	""	""	""	""	""	""	""	""	""	""	""	""	""	""	""	""	""	""	""	""	""	""	""	""	""	""	""	""	""	""	""	""	""	""	""	""	""	""	""	""	""	""	""	""	""	""	""	""	""	""	""	""	""	""	""	""	""	""	""	""	""	""	""	""	""	""	""	""	""	""	""
2	""	""	""	78	""	""	""	""	""	""	""	""	""	130	""	""	""	""	""	""	""	""	""	""	""	""	""	""	""	""	""	""	""	""	""	""	""	""	""	""	""	""	""	""	""	""	""	""	""	""	""	""	""	""	""	""	""	""	""	""	""	""	""	""	""	""	""	""	""	""	""	""	""	""	""	""	""	""	""	""	""	""	""	""	""	""	""	""	""	""	""
""	""	""	""	38	""	""	""	""	""	""	""	""	""	95	""	""	""	""	""	""	""	""	""	""	""	""	""	""	""	""	""	""	""	""	""	""	""	""	""	""	""	""	""	""	""	""	""	""	""	""	""	""	""	""	""	""	""	""	""	""	""	""	""	""	""	""	""	""	""	""	""	""	""	""	""	""	""	""	""	""	""	""	""	""	""	""	""	""	""	""	""
""	""	""	""	45	""	""	""	""	""	""	""	""	""	45	""	""	""	""	""	""	""	""	""	""	""	""	""	""	""	""	""	""	""	""	""	""	""	""	""	""	""	""	""	""	""	""	""	""	""	""	""	""	""	""	""	""	""	""	""	""	""	""	""	""	""	""	""	""	""	""	""	""	""	""	""	""	""	""	""	""	""	""	""	""	""	""	""	""	""	""	""
""	""	""	""	134	""	""	""	""	""	""	""	""	""	134	""	""	""	""	""	""	""	""	""	""	""	""	""	""	""	""	""	""	""	""	""	""	""	""	""	""	""	""	""	""	""	""	""	""	""	""	""	""	""	""	""	""	""	""	""	""	""	""	""	""	""	""	""	""	""	""	""	""	""	""	""	""	""	""	""	""	""	""	""	""	""	""	""	""	""	""	""
""	""	""	""	23	""	""	""	""	""	""	""	""	""	128	""	""	""	""	""	""	""	""	""	""	""	""	""	""	""	""	""	""	""	""	""	""	""	""	""	""	""	""	""	""	""	""	""	""	""	""	""	""	""	""	""	""	""	""	""	""	""	""	""	""	""	""	""	""	""	""	""	""	""	""	""	""	""	""	""	""	""	""	""	""	""	""	""	""	""	""	""
16	8	96	17	29	59	55	126	61	61	18	""	104	98	29	""	60	77	41	19	98	104	62	122	55	19	""	43	45	9	""	134	55	14	44	44	""	17	""	76	""	130	""	75	44	44	""	94	""	23	""	111	""	""	37	""	""	66	""	""	""	""	""	55	40	""	""	""	62	""	""	""	""	""	""	""	""	""	""	""	""	""	""	""	""	""	""	""	""	""	""	""
""	""	""	""	53	""	""	""	""	""	""	""	""	""	115	""	""	""	""	""	""	""	""	""	""	""	""	""	""	""	""	""	""	""	""	""	""	""	""	""	""	""	""	""	""	""	""	""	""	""	""	""	""	""	""	""	""	""	""	""	""	""	""	""	""	""	""	""	""	""	""	""	""	""	""	""	""	""	""	""	""	""	""	""	""	""	""	""	""	""	""	""
""	""	""	""	127	""	""	""	""	""	""	""	""	""	56	""	""	""	""	""	""	""	""	""	""	""	""	""	""	""	""	""	""	""	""	""	""	""	""	""	""	""	""	""	""	""	""	""	""	""	""	""	""	""	""	""	""	""	""	""	""	""	""	""	""	""	""	""	""	""	""	""	""	""	""	""	""	""	""	""	""	""	""	""	""	""	""	""	""	""	""	""
74	""	""	""	130	""	""	""	""	""	""	""	""	""	46	""	""	""	""	""	""	""	""	""	""	""	""	""	""	""	""	""	""	""	""	""	""	""	""	""	""	""	""	""	""	""	""	""	""	""	""	""	""	""	""	""	""	""	""	""	""	""	""	""	""	""	""	""	""	""	""	""	""	""	""	""	""	""	""	""	""	""	""	""	""	""	""	""	""	""	""	""
12	72	""	""	17	""	""	""	""	""	""	""	""	""	17	""	""	""	""	""	""	""	""	""	""	""	""	""	""	""	""	""	""	""	""	""	""	""	""	""	""	""	""	""	""	""	""	""	""	""	""	""	""	""	""	""	""	""	""	""	""	""	""	""	""	""	""	""	""	""	""	""	""	""	""	""	""	""	""	""	""	""	""	""	""	""	""	""	""	""	""	""
79	39	57	""	100	123	""	""	91	94	""	""	""	109	31	""	""	""	""	""	""	""	""	""	""	""	""	12	""	""	""	""	""	""	""	""	""	""	""	""	""	""	""	""	""	""	""	""	""	""	""	""	""	""	""	""	""	""	""	""	""	""	""	""	""	""	""	""	""	""	""	""	""	""	""	""	""	""	""	""	""	""	""	""	""	""	""	""	""	""	""	""
""	""	""	""	86	""	""	""	""	""	""	""	""	""	86	""	""	""	""	""	""	""	""	""	""	""	""	""	""	""	""	""	""	""	""	""	""	""	""	""	""	""	""	""	""	""	""	""	""	""	""	""	""	""	""	""	""	""	""	""	""	""	""	""	""	""	""	""	""	""	""	""	""	""	""	""	""	""	""	""	""	""	""	""	""	""	""	""	""	""	""	""
""	""	""	""	117	""	""	""	""	""	""	""	""	""	122	""	""	""	""	""	""	""	""	""	""	""	""	""	""	""	""	""	""	""	""	""	""	""	""	""	""	""	""	""	""	""	""	""	""	""	""	""	""	""	""	""	""	""	""	""	""	""	""	""	""	""	""	""	""	""	""	""	""	""	""	""	""	""	""	""	""	""	""	""	""	""	""	""	""	""	""	""
41	38	38	123	16	46	""	37	122	97	97	""	""	95	85	""	12	76	""	""	67	""	""	""	""	""	""	38	""	""	""	""	""	""	""	""	""	109	""	""	""	105	""	106	""	""	""	""	""	""	""	""	""	""	""	""	""	""	""	""	""	""	""	""	""	""	""	""	""	""	""	""	""	""	""	""	""	""	""	""	""	""	""	""	""	""	""	""	""	""	""	""
""	""	""	""	44	""	""	""	""	""	""	""	""	""	25	""	""	""	""	""	""	""	""	""	""	""	""	""	""	""	""	""	""	""	""	""	""	""	""	""	""	""	""	""	""	""	""	""	""	""	""	""	""	""	""	""	""	""	""	""	""	""	""	""	""	""	""	""	""	""	""	""	""	""	""	""	""	""	""	""	""	""	""	""	""	""	""	""	""	""	""	""
""	""	""	""	83	""	""	""	""	""	""	""	""	""	12	""	""	""	""	""	""	""	""	""	""	""	""	""	""	""	""	""	""	""	""	""	""	""	""	""	""	""	""	""	""	""	""	""	""	""	""	""	""	""	""	""	""	""	""	""	""	""	""	""	""	""	""	""	""	""	""	""	""	""	""	""	""	""	""	""	""	""	""	""	""	""	""	""	""	""	""	""
19	111	95	12	85	17	""	127	92	122	92	""	""	55	28	""	62	14	""	""	48	""	""	""	""	""	""	55	""	""	""	""	""	""	""	""	""	12	""	""	""	32	""	97	""	""	""	""	""	""	""	""	""	""	""	""	""	""	""	""	""	""	""	""	""	""	""	""	""	""	""	""	""	""	""	""	""	""	""	""	""	""	""	""	""	""	""	""	""	""	""	""
""	""	""	""	103	""	""	""	""	""	""	""	""	""	40	""	""	""	""	""	""	""	""	""	""	""	""	""	""	""	""	""	""	""	""	""	""	""	""	""	""	""	""	""	""	""	""	""	""	""	""	""	""	""	""	""	""	""	""	""	""	""	""	""	""	""	""	""	""	""	""	""	""	""	""	""	""	""	""	""	""	""	""	""	""	""	""	""	""	""	""	""
""	""	""	""	128	""	""	""	""	""	""	""	""	""	41	""	""	""	""	""	""	""	""	""	""	""	""	""	""	""	""	""	""	""	""	""	""	""	""	""	""	""	""	""	""	""	""	""	""	""	""	""	""	""	""	""	""	""	""	""	""	""	""	""	""	""	""	""	""	""	""	""	""	""	""	""	""	""	""	""	""	""	""	""	""	""	""	""	""	""	""	""
""	""	""	""	94	""	""	""	""	""	""	""	""	""	91	""	""	""	""	""	""	""	""	""	""	""	""	""	""	""	""	""	""	""	""	""	""	""	""	""	""	""	""	""	""	""	""	""	""	""	""	""	""	""	""	""	""	""	""	""	""	""	""	""	""	""	""	""	""	""	""	""	""	""	""	""	""	""	""	""	""	""	""	""	""	""	""	""	""	""	""	""
""	""	""	""	76	""	""	""	""	""	""	""	""	""	76	""	""	""	""	""	""	""	""	""	""	""	""	""	""	""	""	""	""	""	""	""	""	""	""	""	""	""	""	""	""	""	""	""	""	""	""	""	""	""	""	""	""	""	""	""	""	""	""	""	""	""	""	""	""	""	""	""	""	""	""	""	""	""	""	""	""	""	""	""	""	""	""	""	""	""	""	""
""	""	""	""	32	""	""	""	""	""	""	""	""	""	116	""	""	""	""	""	""	""	""	""	""	""	""	""	""	""	""	""	""	""	""	""	""	""	""	""	""	""	""	""	""	""	""	""	""	""	""	""	""	""	""	""	""	""	""	""	""	""	""	""	""	""	""	""	""	""	""	""	""	""	""	""	""	""	""	""	""	""	""	""	""	""	""	""	""	""	""	""
38	122	58	""	98	115	""	123	105	20	10	""	""	92	71	""	129	""	""	""	109	""	""	""	""	""	""	82	""	""	""	""	""	""	""	""	""	""	""	""	""	123	""	10	""	""	""	""	""	""	""	""	""	""	""	""	""	""	""	""	""	""	""	""	""	""	""	""	""	""	""	""	""	""	""	""	""	""	""	""	""	""	""	""	""	""	""	""	""	""	""	""
6	128	19	116	8	18	""	122	103	25	103	""	129	19	59	""	116	105	""	""	92	72	""	""	""	""	""	23	""	""	""	""	""	""	""	""	""	116	""	""	""	97	""	92	""	""	""	""	""	74	""	94	""	""	""	""	""	""	""	""	""	""	""	""	45	""	""	""	""	""	""	""	""	""	""	""	""	""	""	""	""	""	""	""	""	""	""	""	""	""	""	""
""	""	""	""	1	""	""	""	""	""	""	""	""	""	88	""	""	""	""	""	""	""	""	""	""	""	""	""	""	""	""	""	""	""	""	""	""	""	""	""	""	""	""	""	""	""	""	""	""	""	""	""	""	""	""	""	""	""	""	""	""	""	""	""	""	""	""	""	""	""	""	""	""	""	""	""	""	""	""	""	""	""	""	""	""	""	""	""	""	""	""	""
25	1	36	""	110	67	""	72	10	37	74	""	""	48	99	""	""	""	""	""	50	""	""	""	""	""	""	97	""	""	""	""	""	""	""	""	""	""	""	""	""	80	""	74	""	""	""	""	""	""	""	""	""	""	""	""	""	""	""	""	""	""	""	""	""	""	""	""	""	""	""	""	""	""	""	""	""	""	""	""	""	""	""	""	""	""	""	""	""	""	""	""
""	""	""	""	19	""	""	""	""	""	""	""	""	""	60	""	""	""	""	""	""	""	""	""	""	""	""	""	""	""	""	""	""	""	""	""	""	""	""	""	""	""	""	""	""	""	""	""	""	""	""	""	""	""	""	""	""	""	""	""	""	""	""	""	""	""	""	""	""	""	""	""	""	""	""	""	""	""	""	""	""	""	""	""	""	""	""	""	""	""	""	""
""	""	""	""	67	""	""	""	""	""	""	""	""	""	67	""	""	""	""	""	""	""	""	""	""	""	""	""	""	""	""	""	""	""	""	""	""	""	""	""	""	""	""	""	""	""	""	""	""	""	""	""	""	""	""	""	""	""	""	""	""	""	""	""	""	""	""	""	""	""	""	""	""	""	""	""	""	""	""	""	""	""	""	""	""	""	""	""	""	""	""	""
""	""	""	""	82	""	""	""	""	""	""	""	""	""	135	""	""	""	""	""	""	""	""	""	""	""	""	""	""	""	""	""	""	""	""	""	""	""	""	""	""	""	""	""	""	""	""	""	""	""	""	""	""	""	""	""	""	""	""	""	""	""	""	""	""	""	""	""	""	""	""	""	""	""	""	""	""	""	""	""	""	""	""	""	""	""	""	""	""	""	""	""
""	""	""	""	60	""	""	""	""	""	""	""	""	""	118	""	""	""	""	""	""	""	""	""	""	""	""	""	""	""	""	""	""	""	""	""	""	""	""	""	""	""	""	""	""	""	""	""	""	""	""	""	""	""	""	""	""	""	""	""	""	""	""	""	""	""	""	""	""	""	""	""	""	""	""	""	""	""	""	""	""	""	""	""	""	""	""	""	""	""	""	""
""	""	""	""	4	""	""	""	""	""	""	""	""	""	65	""	""	""	""	""	""	""	""	""	""	""	""	""	""	""	""	""	""	""	""	""	""	""	""	""	""	""	""	""	""	""	""	""	""	""	""	""	""	""	""	""	""	""	""	""	""	""	""	""	""	""	""	""	""	""	""	""	""	""	""	""	""	""	""	""	""	""	""	""	""	""	""	""	""	""	""	""
""	""	""	""	37	""	""	""	""	""	""	""	""	""	10	""	""	""	""	""	""	""	""	""	""	""	""	""	""	""	""	""	""	""	""	""	""	""	""	""	""	""	""	""	""	""	""	""	""	""	""	""	""	""	""	""	""	""	""	""	""	""	""	""	""	""	""	""	""	""	""	""	""	""	""	""	""	""	""	""	""	""	""	""	""	""	""	""	""	""	""	""
""	""	""	""	90	""	""	""	""	""	""	""	""	""	68	""	""	""	""	""	""	""	""	""	""	""	""	""	""	""	""	""	""	""	""	""	""	""	""	""	""	""	""	""	""	""	""	""	""	""	""	""	""	""	""	""	""	""	""	""	""	""	""	""	""	""	""	""	""	""	""	""	""	""	""	""	""	""	""	""	""	""	""	""	""	""	""	""	""	""	""	""
71	96	43	26	42	28	38	26	75	75	61	""	95	107	42	""	68	6	55	41	47	41	83	9	44	41	""	18	""	116	""	4	38	94	116	116	""	26	""	""	""	77	""	26	116	67	""	50	""	102	""	53	""	""	39	""	""	""	""	""	""	""	""	38	103	""	""	""	""	""	""	""	""	""	""	""	""	""	""	""	""	""	""	""	""	""	""	""	""	""	""	""
44	20	63	""	107	24	""	""	37	49	72	""	""	79	107	""	""	""	""	""	57	""	""	""	""	""	""	106	""	""	""	""	""	""	""	""	""	""	""	""	""	45	""	80	""	""	""	""	""	""	""	""	""	""	""	""	""	""	""	""	""	""	""	""	""	""	""	""	""	""	""	""	""	""	""	""	""	""	""	""	""	""	""	""	""	""	""	""	""	""	""	""
""	""	""	""	58	""	""	""	""	""	""	""	""	""	58	""	""	""	""	""	""	""	""	""	""	""	""	""	""	""	""	""	""	""	""	""	""	""	""	""	""	""	""	""	""	""	""	""	""	""	""	""	""	""	""	""	""	""	""	""	""	""	""	""	""	""	""	""	""	""	""	""	""	""	""	""	""	""	""	""	""	""	""	""	""	""	""	""	""	""	""	""
""	""	""	""	39	""	""	""	""	""	""	""	""	""	121	""	""	""	""	""	""	""	""	""	""	""	""	""	""	""	""	""	""	""	""	""	""	""	""	""	""	""	""	""	""	""	""	""	""	""	""	""	""	""	""	""	""	""	""	""	""	""	""	""	""	""	""	""	""	""	""	""	""	""	""	""	""	""	""	""	""	""	""	""	""	""	""	""	""	""	""	""
""	""	""	""	95	""	""	""	""	""	""	""	""	""	93	""	""	""	""	""	""	""	""	""	""	""	""	""	""	""	""	""	""	""	""	""	""	""	""	""	""	""	""	""	""	""	""	""	""	""	""	""	""	""	""	""	""	""	""	""	""	""	""	""	""	""	""	""	""	""	""	""	""	""	""	""	""	""	""	""	""	""	""	""	""	""	""	""	""	""	""	""
""	""	""	""	40	""	""	""	""	""	""	""	""	""	38	""	""	""	""	""	""	""	""	""	""	""	""	""	""	""	""	""	""	""	""	""	""	""	""	""	""	""	""	""	""	""	""	""	""	""	""	""	""	""	""	""	""	""	""	""	""	""	""	""	""	""	""	""	""	""	""	""	""	""	""	""	""	""	""	""	""	""	""	""	""	""	""	""	""	""	""	""
""	""	""	""	49	""	""	""	""	""	""	""	""	""	37	""	""	""	""	""	""	""	""	""	""	""	""	""	""	""	""	""	""	""	""	""	""	""	""	""	""	""	""	""	""	""	""	""	""	""	""	""	""	""	""	""	""	""	""	""	""	""	""	""	""	""	""	""	""	""	""	""	""	""	""	""	""	""	""	""	""	""	""	""	""	""	""	""	""	""	""	""
""	""	""	""	13	""	""	""	""	""	""	""	""	""	109	""	""	""	""	""	""	""	""	""	""	""	""	""	""	""	""	""	""	""	""	""	""	""	""	""	""	""	""	""	""	""	""	""	""	""	""	""	""	""	""	""	""	""	""	""	""	""	""	""	""	""	""	""	""	""	""	""	""	""	""	""	""	""	""	""	""	""	""	""	""	""	""	""	""	""	""	""
18	126	27	60	87	52	12	19	77	77	130	""	9	61	87	""	55	93	92	44	31	44	""	37	12	44	""	17	""	""	""	66	12	""	""	""	""	41	""	""	""	19	""	60	57	50	""	""	""	92	""	20	""	""	94	""	""	""	""	""	""	""	""	65	97	""	""	""	""	""	""	""	""	""	""	""	""	""	""	""	""	""	""	""	""	""	""	""	""	""	""	""
""	""	""	""	72	""	""	""	""	""	""	""	""	""	74	""	""	""	""	""	""	""	""	""	""	""	""	""	""	""	""	""	""	""	""	""	""	""	""	""	""	""	""	""	""	""	""	""	""	""	""	""	""	""	""	""	""	""	""	""	""	""	""	""	""	""	""	""	""	""	""	""	""	""	""	""	""	""	""	""	""	""	""	""	""	""	""	""	""	""	""	""
10	14	""	""	27	""	""	""	2	45	""	""	""	45	61	""	""	""	""	""	""	""	""	""	""	""	""	80	""	""	""	""	""	""	""	""	""	""	""	""	""	""	""	""	""	""	""	""	""	""	""	""	""	""	""	""	""	""	""	""	""	""	""	""	""	""	""	""	""	""	""	""	""	""	""	""	""	""	""	""	""	""	""	""	""	""	""	""	""	""	""	""
""	""	""	""	66	""	""	""	""	""	""	""	""	""	14	""	""	""	""	""	""	""	""	""	""	""	""	""	""	""	""	""	""	""	""	""	""	""	""	""	""	""	""	""	""	""	""	""	""	""	""	""	""	""	""	""	""	""	""	""	""	""	""	""	""	""	""	""	""	""	""	""	""	""	""	""	""	""	""	""	""	""	""	""	""	""	""	""	""	""	""	""
132	15	132	101	51	51	87	15	69	69	112	16	113	11	51	""	30	64	112	87	132	8	35	69	101	87	79	112	3	30	33	101	87	26	30	30	67	101	111	99	""	112	82	29	96	87	135	42	""	3	56	69	111	16	126	4	115	98	43	96	109	96	""	87	112	""	107	109	26	26	35	102	""	77	1	1	117	9	83	9	""	62	""	62	""	""	""	""	""	""	""	""
""	""	""	""	122	""	""	""	""	""	""	""	""	""	92	""	""	""	""	""	""	""	""	""	""	""	""	""	""	""	""	""	""	""	""	""	""	""	""	""	""	""	""	""	""	""	""	""	""	""	""	""	""	""	""	""	""	""	""	""	""	""	""	""	""	""	""	""	""	""	""	""	""	""	""	""	""	""	""	""	""	""	""	""	""	""	""	""	""	""	""	""
""	""	""	""	""	""	""	""	""	""	""	""	""	""	119	""	""	""	""	""	""	""	""	""	""	""	""	""	""	""	""	""	""	""	""	""	""	""	""	""	""	""	""	""	""	""	""	""	""	""	""	""	""	""	""	""	""	""	""	""	""	""	""	""	""	""	""	""	""	""	""	""	""	""	""	""	""	""	""	""	""	""	""	""	""	""	""	""	""	""	""	""
""	""	""	""	14	""	""	""	""	""	""	""	""	""	21	""	""	""	""	""	""	""	""	""	""	""	""	""	""	""	""	""	""	""	""	""	""	""	""	""	""	""	""	""	""	""	""	""	""	""	""	""	""	""	""	""	""	""	""	""	""	""	""	""	""	""	""	""	""	""	""	""	""	""	""	""	""	""	""	""	""	""	""	""	""	""	""	""	""	""	""	""
""	""	""	""	129	""	""	""	""	""	""	""	""	""	129	""	""	""	""	""	""	""	""	""	""	""	""	""	""	""	""	""	""	""	""	""	""	""	""	""	""	""	""	""	""	""	""	""	""	""	""	""	""	""	""	""	""	""	""	""	""	""	""	""	""	""	""	""	""	""	""	""	""	""	""	""	""	""	""	""	""	""	""	""	""	""	""	""	""	""	""	""
103	33	84	""	99	86	""	13	20	127	49	""	""	117	98	""	""	""	""	""	21	""	""	""	""	""	""	92	""	""	""	""	""	""	""	""	""	""	""	""	""	74	""	49	""	""	""	""	""	""	""	""	""	""	""	""	""	""	""	""	""	""	""	""	""	""	""	""	""	""	""	""	""	""	""	""	""	""	""	""	""	""	""	""	""	""	""	""	""	""	""	""
""	""	""	""	105	""	""	""	""	""	""	""	""	""	1	""	""	""	""	""	""	""	""	""	""	""	""	""	""	""	""	""	""	""	""	""	""	""	""	""	""	""	""	""	""	""	""	""	""	""	""	""	""	""	""	""	""	""	""	""	""	""	""	""	""	""	""	""	""	""	""	""	""	""	""	""	""	""	""	""	""	""	""	""	""	""	""	""	""	""	""	""
""	""	""	""	111	""	""	""	""	""	""	""	""	""	55	""	""	""	""	""	""	""	""	""	""	""	""	""	""	""	""	""	""	""	""	""	""	""	""	""	""	""	""	""	""	""	""	""	""	""	""	""	""	""	""	""	""	""	""	""	""	""	""	""	""	""	""	""	""	""	""	""	""	""	""	""	""	""	""	""	""	""	""	""	""	""	""	""	""	""	""	""
83	129	""	""	126	""	""	""	""	""	""	""	""	""	126	""	""	""	""	""	""	""	""	""	""	""	""	""	""	""	""	""	""	""	""	""	""	""	""	""	""	""	""	""	""	""	""	""	""	""	""	""	""	""	""	""	""	""	""	""	""	""	""	""	""	""	""	""	""	""	""	""	""	""	""	""	""	""	""	""	""	""	""	""	""	""	""	""	""	""	""	""
""	""	""	""	93	""	""	""	""	""	""	""	""	""	111	""	""	""	""	""	""	""	""	""	""	""	""	""	""	""	""	""	""	""	""	""	""	""	""	""	""	""	""	""	""	""	""	""	""	""	""	""	""	""	""	""	""	""	""	""	""	""	""	""	""	""	""	""	""	""	""	""	""	""	""	""	""	""	""	""	""	""	""	""	""	""	""	""	""	""	""	""
124	51	15	15	125	125	15	51	124	7	124	15	51	125	125	85	15	124	15	15	125	15	73	51	15	15	125	124	11	73	68	125	15	11	15	15	42	125	125	64	79	124	8	124	15	15	130	15	79	124	8	51	42	15	69	132	113	125	15	15	130	15	61	15	124	99	125	85	110	101	73	99	120	124	113	113	120	73	120	120	73	120	120	102	132	27	120	117	111	85	102	62
26	60	78	38	30	96	""	38	128	23	23	""	83	118	113	""	115	108	74	""	55	12	""	91	""	""	""	6	""	""	""	""	""	""	""	""	""	114	""	""	""	25	""	38	""	""	""	""	""	105	""	39	""	""	""	""	""	""	""	""	""	""	""	""	49	""	""	""	""	""	""	""	""	""	""	""	""	""	""	""	""	""	""	""	""	""	""	""	""	""	""	""
""	""	""	""	135	""	""	""	""	""	""	""	""	""	44	""	""	""	""	""	""	""	""	""	""	""	""	""	""	""	""	""	""	""	""	""	""	""	""	""	""	""	""	""	""	""	""	""	""	""	""	""	""	""	""	""	""	""	""	""	""	""	""	""	""	""	""	""	""	""	""	""	""	""	""	""	""	""	""	""	""	""	""	""	""	""	""	""	""	""	""	""
""	""	""	""	10	""	""	""	""	""	""	""	""	""	36	""	""	""	""	""	""	""	""	""	""	""	""	""	""	""	""	""	""	""	""	""	""	""	""	""	""	""	""	""	""	""	""	""	""	""	""	""	""	""	""	""	""	""	""	""	""	""	""	""	""	""	""	""	""	""	""	""	""	""	""	""	""	""	""	""	""	""	""	""	""	""	""	""	""	""	""	""
97	65	123	""	5	39	""	""	13	13	80	""	""	12	43	""	""	""	""	""	""	""	""	""	""	""	""	105	""	""	""	""	""	""	""	""	""	""	""	""	""	""	""	""	""	""	""	""	""	""	""	""	""	""	""	""	""	""	""	""	""	""	""	""	""	""	""	""	""	""	""	""	""	""	""	""	""	""	""	""	""	""	""	""	""	""	""	""	""	""	""	""
""	""	""	""	106	""	""	""	""	""	""	""	""	""	106	""	""	""	""	""	""	""	""	""	""	""	""	""	""	""	""	""	""	""	""	""	""	""	""	""	""	""	""	""	""	""	""	""	""	""	""	""	""	""	""	""	""	""	""	""	""	""	""	""	""	""	""	""	""	""	""	""	""	""	""	""	""	""	""	""	""	""	""	""	""	""	""	""	""	""	""	""
